word_index,file_offset_hex,vma_hex,value_u16,value_hex
0,0x00059d00,0x67dc9d00,0,0x0000
1,0x00059d02,0x67dc9d02,0,0x0000
2,0x00059d04,0x67dc9d04,0,0x0000
3,0x00059d06,0x67dc9d06,0,0x0000
4,0x00059d08,0x67dc9d08,32,0x0020
5,0x00059d0a,0x67dc9d0a,32,0x0020
6,0x00059d0c,0x67dc9d0c,32,0x0020
7,0x00059d0e,0x67dc9d0e,32,0x0020
8,0x00059d10,0x67dc9d10,32,0x0020
9,0x00059d12,0x67dc9d12,32,0x0020
10,0x00059d14,0x67dc9d14,32,0x0020
11,0x00059d16,0x67dc9d16,32,0x0020
12,0x00059d18,0x67dc9d18,32,0x0020
13,0x00059d1a,0x67dc9d1a,40,0x0028
14,0x00059d1c,0x67dc9d1c,40,0x0028
15,0x00059d1e,0x67dc9d1e,40,0x0028
16,0x00059d20,0x67dc9d20,40,0x0028
17,0x00059d22,0x67dc9d22,40,0x0028
18,0x00059d24,0x67dc9d24,32,0x0020
19,0x00059d26,0x67dc9d26,32,0x0020
20,0x00059d28,0x67dc9d28,32,0x0020
21,0x00059d2a,0x67dc9d2a,32,0x0020
22,0x00059d2c,0x67dc9d2c,32,0x0020
23,0x00059d2e,0x67dc9d2e,32,0x0020
24,0x00059d30,0x67dc9d30,32,0x0020
25,0x00059d32,0x67dc9d32,32,0x0020
26,0x00059d34,0x67dc9d34,32,0x0020
27,0x00059d36,0x67dc9d36,32,0x0020
28,0x00059d38,0x67dc9d38,32,0x0020
29,0x00059d3a,0x67dc9d3a,32,0x0020
30,0x00059d3c,0x67dc9d3c,32,0x0020
31,0x00059d3e,0x67dc9d3e,32,0x0020
32,0x00059d40,0x67dc9d40,32,0x0020
33,0x00059d42,0x67dc9d42,32,0x0020
34,0x00059d44,0x67dc9d44,32,0x0020
35,0x00059d46,0x67dc9d46,32,0x0020
36,0x00059d48,0x67dc9d48,72,0x0048
37,0x00059d4a,0x67dc9d4a,16,0x0010
38,0x00059d4c,0x67dc9d4c,16,0x0010
39,0x00059d4e,0x67dc9d4e,16,0x0010
40,0x00059d50,0x67dc9d50,16,0x0010
41,0x00059d52,0x67dc9d52,16,0x0010
42,0x00059d54,0x67dc9d54,16,0x0010
43,0x00059d56,0x67dc9d56,16,0x0010
44,0x00059d58,0x67dc9d58,16,0x0010
45,0x00059d5a,0x67dc9d5a,16,0x0010
46,0x00059d5c,0x67dc9d5c,16,0x0010
47,0x00059d5e,0x67dc9d5e,16,0x0010
48,0x00059d60,0x67dc9d60,16,0x0010
49,0x00059d62,0x67dc9d62,16,0x0010
50,0x00059d64,0x67dc9d64,16,0x0010
51,0x00059d66,0x67dc9d66,16,0x0010
52,0x00059d68,0x67dc9d68,132,0x0084
53,0x00059d6a,0x67dc9d6a,132,0x0084
54,0x00059d6c,0x67dc9d6c,132,0x0084
55,0x00059d6e,0x67dc9d6e,132,0x0084
56,0x00059d70,0x67dc9d70,132,0x0084
57,0x00059d72,0x67dc9d72,132,0x0084
58,0x00059d74,0x67dc9d74,132,0x0084
59,0x00059d76,0x67dc9d76,132,0x0084
60,0x00059d78,0x67dc9d78,132,0x0084
61,0x00059d7a,0x67dc9d7a,132,0x0084
62,0x00059d7c,0x67dc9d7c,16,0x0010
63,0x00059d7e,0x67dc9d7e,16,0x0010
64,0x00059d80,0x67dc9d80,16,0x0010
65,0x00059d82,0x67dc9d82,16,0x0010
66,0x00059d84,0x67dc9d84,16,0x0010
67,0x00059d86,0x67dc9d86,16,0x0010
68,0x00059d88,0x67dc9d88,16,0x0010
69,0x00059d8a,0x67dc9d8a,129,0x0081
70,0x00059d8c,0x67dc9d8c,129,0x0081
71,0x00059d8e,0x67dc9d8e,129,0x0081
72,0x00059d90,0x67dc9d90,129,0x0081
73,0x00059d92,0x67dc9d92,129,0x0081
74,0x00059d94,0x67dc9d94,129,0x0081
75,0x00059d96,0x67dc9d96,1,0x0001
76,0x00059d98,0x67dc9d98,1,0x0001
77,0x00059d9a,0x67dc9d9a,1,0x0001
78,0x00059d9c,0x67dc9d9c,1,0x0001
79,0x00059d9e,0x67dc9d9e,1,0x0001
80,0x00059da0,0x67dc9da0,1,0x0001
81,0x00059da2,0x67dc9da2,1,0x0001
82,0x00059da4,0x67dc9da4,1,0x0001
83,0x00059da6,0x67dc9da6,1,0x0001
84,0x00059da8,0x67dc9da8,1,0x0001
85,0x00059daa,0x67dc9daa,1,0x0001
86,0x00059dac,0x67dc9dac,1,0x0001
87,0x00059dae,0x67dc9dae,1,0x0001
88,0x00059db0,0x67dc9db0,1,0x0001
89,0x00059db2,0x67dc9db2,1,0x0001
90,0x00059db4,0x67dc9db4,1,0x0001
91,0x00059db6,0x67dc9db6,1,0x0001
92,0x00059db8,0x67dc9db8,1,0x0001
93,0x00059dba,0x67dc9dba,1,0x0001
94,0x00059dbc,0x67dc9dbc,1,0x0001
95,0x00059dbe,0x67dc9dbe,16,0x0010
96,0x00059dc0,0x67dc9dc0,16,0x0010
97,0x00059dc2,0x67dc9dc2,16,0x0010
98,0x00059dc4,0x67dc9dc4,16,0x0010
99,0x00059dc6,0x67dc9dc6,16,0x0010
100,0x00059dc8,0x67dc9dc8,16,0x0010
101,0x00059dca,0x67dc9dca,130,0x0082
102,0x00059dcc,0x67dc9dcc,130,0x0082
103,0x00059dce,0x67dc9dce,130,0x0082
104,0x00059dd0,0x67dc9dd0,130,0x0082
105,0x00059dd2,0x67dc9dd2,130,0x0082
106,0x00059dd4,0x67dc9dd4,130,0x0082
107,0x00059dd6,0x67dc9dd6,2,0x0002
108,0x00059dd8,0x67dc9dd8,2,0x0002
109,0x00059dda,0x67dc9dda,2,0x0002
110,0x00059ddc,0x67dc9ddc,2,0x0002
111,0x00059dde,0x67dc9dde,2,0x0002
112,0x00059de0,0x67dc9de0,2,0x0002
113,0x00059de2,0x67dc9de2,2,0x0002
114,0x00059de4,0x67dc9de4,2,0x0002
115,0x00059de6,0x67dc9de6,2,0x0002
116,0x00059de8,0x67dc9de8,2,0x0002
117,0x00059dea,0x67dc9dea,2,0x0002
118,0x00059dec,0x67dc9dec,2,0x0002
119,0x00059dee,0x67dc9dee,2,0x0002
120,0x00059df0,0x67dc9df0,2,0x0002
121,0x00059df2,0x67dc9df2,2,0x0002
122,0x00059df4,0x67dc9df4,2,0x0002
123,0x00059df6,0x67dc9df6,2,0x0002
124,0x00059df8,0x67dc9df8,2,0x0002
125,0x00059dfa,0x67dc9dfa,2,0x0002
126,0x00059dfc,0x67dc9dfc,2,0x0002
127,0x00059dfe,0x67dc9dfe,16,0x0010
128,0x00059e00,0x67dc9e00,16,0x0010
129,0x00059e02,0x67dc9e02,16,0x0010
130,0x00059e04,0x67dc9e04,16,0x0010
131,0x00059e06,0x67dc9e06,32,0x0020
132,0x00059e08,0x67dc9e08,0,0x0000
133,0x00059e0a,0x67dc9e0a,0,0x0000
134,0x00059e0c,0x67dc9e0c,0,0x0000
135,0x00059e0e,0x67dc9e0e,0,0x0000
136,0x00059e10,0x67dc9e10,0,0x0000
137,0x00059e12,0x67dc9e12,0,0x0000
138,0x00059e14,0x67dc9e14,0,0x0000
139,0x00059e16,0x67dc9e16,0,0x0000
140,0x00059e18,0x67dc9e18,0,0x0000
141,0x00059e1a,0x67dc9e1a,0,0x0000
142,0x00059e1c,0x67dc9e1c,0,0x0000
143,0x00059e1e,0x67dc9e1e,0,0x0000
144,0x00059e20,0x67dc9e20,0,0x0000
145,0x00059e22,0x67dc9e22,0,0x0000
146,0x00059e24,0x67dc9e24,0,0x0000
147,0x00059e26,0x67dc9e26,0,0x0000
148,0x00059e28,0x67dc9e28,0,0x0000
149,0x00059e2a,0x67dc9e2a,0,0x0000
150,0x00059e2c,0x67dc9e2c,0,0x0000
151,0x00059e2e,0x67dc9e2e,0,0x0000
152,0x00059e30,0x67dc9e30,0,0x0000
153,0x00059e32,0x67dc9e32,0,0x0000
154,0x00059e34,0x67dc9e34,0,0x0000
155,0x00059e36,0x67dc9e36,0,0x0000
156,0x00059e38,0x67dc9e38,0,0x0000
157,0x00059e3a,0x67dc9e3a,0,0x0000
158,0x00059e3c,0x67dc9e3c,0,0x0000
159,0x00059e3e,0x67dc9e3e,0,0x0000
160,0x00059e40,0x67dc9e40,0,0x0000
161,0x00059e42,0x67dc9e42,0,0x0000
162,0x00059e44,0x67dc9e44,0,0x0000
163,0x00059e46,0x67dc9e46,0,0x0000
164,0x00059e48,0x67dc9e48,0,0x0000
165,0x00059e4a,0x67dc9e4a,0,0x0000
166,0x00059e4c,0x67dc9e4c,0,0x0000
167,0x00059e4e,0x67dc9e4e,0,0x0000
168,0x00059e50,0x67dc9e50,0,0x0000
169,0x00059e52,0x67dc9e52,0,0x0000
170,0x00059e54,0x67dc9e54,0,0x0000
171,0x00059e56,0x67dc9e56,0,0x0000
172,0x00059e58,0x67dc9e58,0,0x0000
173,0x00059e5a,0x67dc9e5a,0,0x0000
174,0x00059e5c,0x67dc9e5c,0,0x0000
175,0x00059e5e,0x67dc9e5e,0,0x0000
176,0x00059e60,0x67dc9e60,0,0x0000
177,0x00059e62,0x67dc9e62,0,0x0000
178,0x00059e64,0x67dc9e64,0,0x0000
179,0x00059e66,0x67dc9e66,0,0x0000
180,0x00059e68,0x67dc9e68,0,0x0000
181,0x00059e6a,0x67dc9e6a,0,0x0000
182,0x00059e6c,0x67dc9e6c,0,0x0000
183,0x00059e6e,0x67dc9e6e,0,0x0000
184,0x00059e70,0x67dc9e70,0,0x0000
185,0x00059e72,0x67dc9e72,0,0x0000
186,0x00059e74,0x67dc9e74,0,0x0000
187,0x00059e76,0x67dc9e76,0,0x0000
188,0x00059e78,0x67dc9e78,0,0x0000
189,0x00059e7a,0x67dc9e7a,0,0x0000
190,0x00059e7c,0x67dc9e7c,0,0x0000
191,0x00059e7e,0x67dc9e7e,0,0x0000
192,0x00059e80,0x67dc9e80,0,0x0000
193,0x00059e82,0x67dc9e82,0,0x0000
194,0x00059e84,0x67dc9e84,0,0x0000
195,0x00059e86,0x67dc9e86,0,0x0000
196,0x00059e88,0x67dc9e88,0,0x0000
197,0x00059e8a,0x67dc9e8a,0,0x0000
198,0x00059e8c,0x67dc9e8c,0,0x0000
199,0x00059e8e,0x67dc9e8e,0,0x0000
200,0x00059e90,0x67dc9e90,0,0x0000
201,0x00059e92,0x67dc9e92,0,0x0000
202,0x00059e94,0x67dc9e94,0,0x0000
203,0x00059e96,0x67dc9e96,0,0x0000
204,0x00059e98,0x67dc9e98,0,0x0000
205,0x00059e9a,0x67dc9e9a,0,0x0000
206,0x00059e9c,0x67dc9e9c,0,0x0000
207,0x00059e9e,0x67dc9e9e,0,0x0000
208,0x00059ea0,0x67dc9ea0,0,0x0000
209,0x00059ea2,0x67dc9ea2,0,0x0000
210,0x00059ea4,0x67dc9ea4,0,0x0000
211,0x00059ea6,0x67dc9ea6,0,0x0000
212,0x00059ea8,0x67dc9ea8,0,0x0000
213,0x00059eaa,0x67dc9eaa,0,0x0000
214,0x00059eac,0x67dc9eac,0,0x0000
215,0x00059eae,0x67dc9eae,0,0x0000
216,0x00059eb0,0x67dc9eb0,0,0x0000
217,0x00059eb2,0x67dc9eb2,0,0x0000
218,0x00059eb4,0x67dc9eb4,0,0x0000
219,0x00059eb6,0x67dc9eb6,0,0x0000
220,0x00059eb8,0x67dc9eb8,0,0x0000
221,0x00059eba,0x67dc9eba,0,0x0000
222,0x00059ebc,0x67dc9ebc,0,0x0000
223,0x00059ebe,0x67dc9ebe,0,0x0000
224,0x00059ec0,0x67dc9ec0,0,0x0000
225,0x00059ec2,0x67dc9ec2,0,0x0000
226,0x00059ec4,0x67dc9ec4,0,0x0000
227,0x00059ec6,0x67dc9ec6,0,0x0000
228,0x00059ec8,0x67dc9ec8,0,0x0000
229,0x00059eca,0x67dc9eca,0,0x0000
230,0x00059ecc,0x67dc9ecc,0,0x0000
231,0x00059ece,0x67dc9ece,0,0x0000
232,0x00059ed0,0x67dc9ed0,0,0x0000
233,0x00059ed2,0x67dc9ed2,0,0x0000
234,0x00059ed4,0x67dc9ed4,0,0x0000
235,0x00059ed6,0x67dc9ed6,0,0x0000
236,0x00059ed8,0x67dc9ed8,0,0x0000
237,0x00059eda,0x67dc9eda,0,0x0000
238,0x00059edc,0x67dc9edc,0,0x0000
239,0x00059ede,0x67dc9ede,0,0x0000
240,0x00059ee0,0x67dc9ee0,0,0x0000
241,0x00059ee2,0x67dc9ee2,0,0x0000
242,0x00059ee4,0x67dc9ee4,0,0x0000
243,0x00059ee6,0x67dc9ee6,0,0x0000
244,0x00059ee8,0x67dc9ee8,0,0x0000
245,0x00059eea,0x67dc9eea,0,0x0000
246,0x00059eec,0x67dc9eec,0,0x0000
247,0x00059eee,0x67dc9eee,0,0x0000
248,0x00059ef0,0x67dc9ef0,0,0x0000
249,0x00059ef2,0x67dc9ef2,0,0x0000
250,0x00059ef4,0x67dc9ef4,0,0x0000
251,0x00059ef6,0x67dc9ef6,0,0x0000
252,0x00059ef8,0x67dc9ef8,0,0x0000
253,0x00059efa,0x67dc9efa,0,0x0000
254,0x00059efc,0x67dc9efc,0,0x0000
255,0x00059efe,0x67dc9efe,0,0x0000
256,0x00059f00,0x67dc9f00,0,0x0000
257,0x00059f02,0x67dc9f02,0,0x0000
258,0x00059f04,0x67dc9f04,0,0x0000
259,0x00059f06,0x67dc9f06,0,0x0000
260,0x00059f08,0x67dc9f08,0,0x0000
261,0x00059f0a,0x67dc9f0a,32,0x0020
262,0x00059f0c,0x67dc9f0c,32,0x0020
263,0x00059f0e,0x67dc9f0e,32,0x0020
264,0x00059f10,0x67dc9f10,32,0x0020
265,0x00059f12,0x67dc9f12,32,0x0020
266,0x00059f14,0x67dc9f14,32,0x0020
267,0x00059f16,0x67dc9f16,32,0x0020
268,0x00059f18,0x67dc9f18,32,0x0020
269,0x00059f1a,0x67dc9f1a,32,0x0020
270,0x00059f1c,0x67dc9f1c,104,0x0068
271,0x00059f1e,0x67dc9f1e,40,0x0028
272,0x00059f20,0x67dc9f20,40,0x0028
273,0x00059f22,0x67dc9f22,40,0x0028
274,0x00059f24,0x67dc9f24,40,0x0028
275,0x00059f26,0x67dc9f26,32,0x0020
276,0x00059f28,0x67dc9f28,32,0x0020
277,0x00059f2a,0x67dc9f2a,32,0x0020
278,0x00059f2c,0x67dc9f2c,32,0x0020
279,0x00059f2e,0x67dc9f2e,32,0x0020
280,0x00059f30,0x67dc9f30,32,0x0020
281,0x00059f32,0x67dc9f32,32,0x0020
282,0x00059f34,0x67dc9f34,32,0x0020
283,0x00059f36,0x67dc9f36,32,0x0020
284,0x00059f38,0x67dc9f38,32,0x0020
285,0x00059f3a,0x67dc9f3a,32,0x0020
286,0x00059f3c,0x67dc9f3c,32,0x0020
287,0x00059f3e,0x67dc9f3e,32,0x0020
288,0x00059f40,0x67dc9f40,32,0x0020
289,0x00059f42,0x67dc9f42,32,0x0020
290,0x00059f44,0x67dc9f44,32,0x0020
291,0x00059f46,0x67dc9f46,32,0x0020
292,0x00059f48,0x67dc9f48,32,0x0020
293,0x00059f4a,0x67dc9f4a,72,0x0048
294,0x00059f4c,0x67dc9f4c,16,0x0010
295,0x00059f4e,0x67dc9f4e,16,0x0010
296,0x00059f50,0x67dc9f50,16,0x0010
297,0x00059f52,0x67dc9f52,16,0x0010
298,0x00059f54,0x67dc9f54,16,0x0010
299,0x00059f56,0x67dc9f56,16,0x0010
300,0x00059f58,0x67dc9f58,16,0x0010
301,0x00059f5a,0x67dc9f5a,16,0x0010
302,0x00059f5c,0x67dc9f5c,16,0x0010
303,0x00059f5e,0x67dc9f5e,16,0x0010
304,0x00059f60,0x67dc9f60,16,0x0010
305,0x00059f62,0x67dc9f62,16,0x0010
306,0x00059f64,0x67dc9f64,16,0x0010
307,0x00059f66,0x67dc9f66,16,0x0010
308,0x00059f68,0x67dc9f68,16,0x0010
309,0x00059f6a,0x67dc9f6a,132,0x0084
310,0x00059f6c,0x67dc9f6c,132,0x0084
311,0x00059f6e,0x67dc9f6e,132,0x0084
312,0x00059f70,0x67dc9f70,132,0x0084
313,0x00059f72,0x67dc9f72,132,0x0084
314,0x00059f74,0x67dc9f74,132,0x0084
315,0x00059f76,0x67dc9f76,132,0x0084
316,0x00059f78,0x67dc9f78,132,0x0084
317,0x00059f7a,0x67dc9f7a,132,0x0084
318,0x00059f7c,0x67dc9f7c,132,0x0084
319,0x00059f7e,0x67dc9f7e,16,0x0010
320,0x00059f80,0x67dc9f80,16,0x0010
321,0x00059f82,0x67dc9f82,16,0x0010
322,0x00059f84,0x67dc9f84,16,0x0010
323,0x00059f86,0x67dc9f86,16,0x0010
324,0x00059f88,0x67dc9f88,16,0x0010
325,0x00059f8a,0x67dc9f8a,16,0x0010
326,0x00059f8c,0x67dc9f8c,385,0x0181
327,0x00059f8e,0x67dc9f8e,385,0x0181
328,0x00059f90,0x67dc9f90,385,0x0181
329,0x00059f92,0x67dc9f92,385,0x0181
330,0x00059f94,0x67dc9f94,385,0x0181
331,0x00059f96,0x67dc9f96,385,0x0181
332,0x00059f98,0x67dc9f98,257,0x0101
333,0x00059f9a,0x67dc9f9a,257,0x0101
334,0x00059f9c,0x67dc9f9c,257,0x0101
335,0x00059f9e,0x67dc9f9e,257,0x0101
336,0x00059fa0,0x67dc9fa0,257,0x0101
337,0x00059fa2,0x67dc9fa2,257,0x0101
338,0x00059fa4,0x67dc9fa4,257,0x0101
339,0x00059fa6,0x67dc9fa6,257,0x0101
340,0x00059fa8,0x67dc9fa8,257,0x0101
341,0x00059faa,0x67dc9faa,257,0x0101
342,0x00059fac,0x67dc9fac,257,0x0101
343,0x00059fae,0x67dc9fae,257,0x0101
344,0x00059fb0,0x67dc9fb0,257,0x0101
345,0x00059fb2,0x67dc9fb2,257,0x0101
346,0x00059fb4,0x67dc9fb4,257,0x0101
347,0x00059fb6,0x67dc9fb6,257,0x0101
348,0x00059fb8,0x67dc9fb8,257,0x0101
349,0x00059fba,0x67dc9fba,257,0x0101
350,0x00059fbc,0x67dc9fbc,257,0x0101
351,0x00059fbe,0x67dc9fbe,257,0x0101
352,0x00059fc0,0x67dc9fc0,16,0x0010
353,0x00059fc2,0x67dc9fc2,16,0x0010
354,0x00059fc4,0x67dc9fc4,16,0x0010
355,0x00059fc6,0x67dc9fc6,16,0x0010
356,0x00059fc8,0x67dc9fc8,16,0x0010
357,0x00059fca,0x67dc9fca,16,0x0010
358,0x00059fcc,0x67dc9fcc,386,0x0182
359,0x00059fce,0x67dc9fce,386,0x0182
360,0x00059fd0,0x67dc9fd0,386,0x0182
361,0x00059fd2,0x67dc9fd2,386,0x0182
362,0x00059fd4,0x67dc9fd4,386,0x0182
363,0x00059fd6,0x67dc9fd6,386,0x0182
364,0x00059fd8,0x67dc9fd8,258,0x0102
365,0x00059fda,0x67dc9fda,258,0x0102
366,0x00059fdc,0x67dc9fdc,258,0x0102
367,0x00059fde,0x67dc9fde,258,0x0102
368,0x00059fe0,0x67dc9fe0,258,0x0102
369,0x00059fe2,0x67dc9fe2,258,0x0102
370,0x00059fe4,0x67dc9fe4,258,0x0102
371,0x00059fe6,0x67dc9fe6,258,0x0102
372,0x00059fe8,0x67dc9fe8,258,0x0102
373,0x00059fea,0x67dc9fea,258,0x0102
374,0x00059fec,0x67dc9fec,258,0x0102
375,0x00059fee,0x67dc9fee,258,0x0102
376,0x00059ff0,0x67dc9ff0,258,0x0102
377,0x00059ff2,0x67dc9ff2,258,0x0102
378,0x00059ff4,0x67dc9ff4,258,0x0102
379,0x00059ff6,0x67dc9ff6,258,0x0102
380,0x00059ff8,0x67dc9ff8,258,0x0102
381,0x00059ffa,0x67dc9ffa,258,0x0102
382,0x00059ffc,0x67dc9ffc,258,0x0102
383,0x00059ffe,0x67dc9ffe,258,0x0102
384,0x0005a000,0x67dca000,16,0x0010
385,0x0005a002,0x67dca002,16,0x0010
386,0x0005a004,0x67dca004,16,0x0010
387,0x0005a006,0x67dca006,16,0x0010
388,0x0005a008,0x67dca008,32,0x0020
389,0x0005a00a,0x67dca00a,32,0x0020
390,0x0005a00c,0x67dca00c,32,0x0020
391,0x0005a00e,0x67dca00e,32,0x0020
392,0x0005a010,0x67dca010,32,0x0020
393,0x0005a012,0x67dca012,32,0x0020
394,0x0005a014,0x67dca014,32,0x0020
395,0x0005a016,0x67dca016,32,0x0020
396,0x0005a018,0x67dca018,32,0x0020
397,0x0005a01a,0x67dca01a,32,0x0020
398,0x0005a01c,0x67dca01c,32,0x0020
399,0x0005a01e,0x67dca01e,32,0x0020
400,0x0005a020,0x67dca020,32,0x0020
401,0x0005a022,0x67dca022,32,0x0020
402,0x0005a024,0x67dca024,32,0x0020
403,0x0005a026,0x67dca026,32,0x0020
404,0x0005a028,0x67dca028,32,0x0020
405,0x0005a02a,0x67dca02a,32,0x0020
406,0x0005a02c,0x67dca02c,32,0x0020
407,0x0005a02e,0x67dca02e,32,0x0020
408,0x0005a030,0x67dca030,32,0x0020
409,0x0005a032,0x67dca032,32,0x0020
410,0x0005a034,0x67dca034,32,0x0020
411,0x0005a036,0x67dca036,32,0x0020
412,0x0005a038,0x67dca038,32,0x0020
413,0x0005a03a,0x67dca03a,32,0x0020
414,0x0005a03c,0x67dca03c,32,0x0020
415,0x0005a03e,0x67dca03e,32,0x0020
416,0x0005a040,0x67dca040,32,0x0020
417,0x0005a042,0x67dca042,32,0x0020
418,0x0005a044,0x67dca044,32,0x0020
419,0x0005a046,0x67dca046,32,0x0020
420,0x0005a048,0x67dca048,32,0x0020
421,0x0005a04a,0x67dca04a,72,0x0048
422,0x0005a04c,0x67dca04c,16,0x0010
423,0x0005a04e,0x67dca04e,16,0x0010
424,0x0005a050,0x67dca050,16,0x0010
425,0x0005a052,0x67dca052,16,0x0010
426,0x0005a054,0x67dca054,16,0x0010
427,0x0005a056,0x67dca056,16,0x0010
428,0x0005a058,0x67dca058,16,0x0010
429,0x0005a05a,0x67dca05a,16,0x0010
430,0x0005a05c,0x67dca05c,16,0x0010
431,0x0005a05e,0x67dca05e,16,0x0010
432,0x0005a060,0x67dca060,16,0x0010
433,0x0005a062,0x67dca062,16,0x0010
434,0x0005a064,0x67dca064,16,0x0010
435,0x0005a066,0x67dca066,16,0x0010
436,0x0005a068,0x67dca068,16,0x0010
437,0x0005a06a,0x67dca06a,16,0x0010
438,0x0005a06c,0x67dca06c,16,0x0010
439,0x0005a06e,0x67dca06e,20,0x0014
440,0x0005a070,0x67dca070,20,0x0014
441,0x0005a072,0x67dca072,16,0x0010
442,0x0005a074,0x67dca074,16,0x0010
443,0x0005a076,0x67dca076,16,0x0010
444,0x0005a078,0x67dca078,16,0x0010
445,0x0005a07a,0x67dca07a,16,0x0010
446,0x0005a07c,0x67dca07c,20,0x0014
447,0x0005a07e,0x67dca07e,16,0x0010
448,0x0005a080,0x67dca080,16,0x0010
449,0x0005a082,0x67dca082,16,0x0010
450,0x0005a084,0x67dca084,16,0x0010
451,0x0005a086,0x67dca086,16,0x0010
452,0x0005a088,0x67dca088,16,0x0010
453,0x0005a08a,0x67dca08a,257,0x0101
454,0x0005a08c,0x67dca08c,257,0x0101
455,0x0005a08e,0x67dca08e,257,0x0101
456,0x0005a090,0x67dca090,257,0x0101
457,0x0005a092,0x67dca092,257,0x0101
458,0x0005a094,0x67dca094,257,0x0101
459,0x0005a096,0x67dca096,257,0x0101
460,0x0005a098,0x67dca098,257,0x0101
461,0x0005a09a,0x67dca09a,257,0x0101
462,0x0005a09c,0x67dca09c,257,0x0101
463,0x0005a09e,0x67dca09e,257,0x0101
464,0x0005a0a0,0x67dca0a0,257,0x0101
465,0x0005a0a2,0x67dca0a2,257,0x0101
466,0x0005a0a4,0x67dca0a4,257,0x0101
467,0x0005a0a6,0x67dca0a6,257,0x0101
468,0x0005a0a8,0x67dca0a8,257,0x0101
469,0x0005a0aa,0x67dca0aa,257,0x0101
470,0x0005a0ac,0x67dca0ac,257,0x0101
471,0x0005a0ae,0x67dca0ae,257,0x0101
472,0x0005a0b0,0x67dca0b0,257,0x0101
473,0x0005a0b2,0x67dca0b2,257,0x0101
474,0x0005a0b4,0x67dca0b4,257,0x0101
475,0x0005a0b6,0x67dca0b6,257,0x0101
476,0x0005a0b8,0x67dca0b8,16,0x0010
477,0x0005a0ba,0x67dca0ba,257,0x0101
478,0x0005a0bc,0x67dca0bc,257,0x0101
479,0x0005a0be,0x67dca0be,257,0x0101
480,0x0005a0c0,0x67dca0c0,257,0x0101
481,0x0005a0c2,0x67dca0c2,257,0x0101
482,0x0005a0c4,0x67dca0c4,257,0x0101
483,0x0005a0c6,0x67dca0c6,257,0x0101
484,0x0005a0c8,0x67dca0c8,258,0x0102
485,0x0005a0ca,0x67dca0ca,258,0x0102
486,0x0005a0cc,0x67dca0cc,258,0x0102
487,0x0005a0ce,0x67dca0ce,258,0x0102
488,0x0005a0d0,0x67dca0d0,258,0x0102
489,0x0005a0d2,0x67dca0d2,258,0x0102
490,0x0005a0d4,0x67dca0d4,258,0x0102
491,0x0005a0d6,0x67dca0d6,258,0x0102
492,0x0005a0d8,0x67dca0d8,258,0x0102
493,0x0005a0da,0x67dca0da,258,0x0102
494,0x0005a0dc,0x67dca0dc,258,0x0102
495,0x0005a0de,0x67dca0de,258,0x0102
496,0x0005a0e0,0x67dca0e0,258,0x0102
497,0x0005a0e2,0x67dca0e2,258,0x0102
498,0x0005a0e4,0x67dca0e4,258,0x0102
499,0x0005a0e6,0x67dca0e6,258,0x0102
500,0x0005a0e8,0x67dca0e8,258,0x0102
501,0x0005a0ea,0x67dca0ea,258,0x0102
502,0x0005a0ec,0x67dca0ec,258,0x0102
503,0x0005a0ee,0x67dca0ee,258,0x0102
504,0x0005a0f0,0x67dca0f0,258,0x0102
505,0x0005a0f2,0x67dca0f2,258,0x0102
506,0x0005a0f4,0x67dca0f4,258,0x0102
507,0x0005a0f6,0x67dca0f6,258,0x0102
508,0x0005a0f8,0x67dca0f8,16,0x0010
509,0x0005a0fa,0x67dca0fa,258,0x0102
510,0x0005a0fc,0x67dca0fc,258,0x0102
511,0x0005a0fe,0x67dca0fe,258,0x0102
